<?xml version="1.0" encoding="UTF-8" standalone="yes"?>
<services>
    <cloudstreamsCollectionKeys serviceName="WmCloudStreams.RestVS">
        <servicesKeys>
            <keyDetails collectionKey="GoogleMapsTest.directions:mapsConnector" connectorServiceName="GoogleMapsTest.directions:mapsConnector"/>
            <keyDetails collectionKey="GoogleMapsTest.distanceMatrix:mapsConnector" connectorServiceName="GoogleMapsTest.distanceMatrix:mapsConnector"/>
            <keyDetails collectionKey="GoogleMapsTest.elevationByLocations:mapsConnector" connectorServiceName="GoogleMapsTest.elevationByLocations:mapsConnector"/>
            <keyDetails collectionKey="GoogleMapsTest.elevationByPath:mapsConnector" connectorServiceName="GoogleMapsTest.elevationByPath:mapsConnector"/>
            <keyDetails collectionKey="GoogleMapsTest.geocode:mapsConnector" connectorServiceName="GoogleMapsTest.geocode:mapsConnector"/>
            <keyDetails collectionKey="GoogleMapsTest.geolocation:mapsConnector" connectorServiceName="GoogleMapsTest.geolocation:mapsConnector"/>
            <keyDetails collectionKey="GoogleMapsTest.timezone:mapsConnector" connectorServiceName="GoogleMapsTest.timezone:mapsConnector"/>
        </servicesKeys>
    </cloudstreamsCollectionKeys>
</services>
